gold,aba_Latn,abk_Cyrl,abn_Latn,abs_Latn,ace_Arab,ace_Latn,acf_Latn,ach_Latn,acm_Arab,acr_Latn,ada_Latn,adh_Latn,aeb_Arab,afr_Latn,agw_Latn,ajz_Latn,akh_Latn,alj_Latn,aln_Latn,als_Latn,aly_Latn,alz_Latn,ame_Latn,amh_Ethi,ami_Latn,amn_Latn,ang_Latn,anm_Latn,anp_Deva,aoz_Latn,apc_Arab,ape_Latn,apy_Latn,aqz_Latn,arb_Arab,arb_Latn,arg_Latn,arn_Latn,arq_Arab,arr_Latn,ars_Arab,ary_Arab,arz_Arab,asm_Beng,asm_Latn,ast_Latn,atd_Latn,ati_Latn,atj_Latn,avk_Latn,awa_Deva,ayr_Latn,azb_Arab,azj_Latn,bam_Latn,ban_Latn,bar_Latn,bas_Latn,bba_Latn,bbc_Latn,bbr_Latn,bcc_Arab,bci_Latn,bcl_Latn,bea_Latn,bem_Latn,ben_Beng,ben_Latn,bew_Latn,bgt_Latn,bho_Deva,bhp_Latn,bhw_Latn,bim_Latn,bin_Latn,bis_Latn,bjn_Arab,bjn_Latn,bjr_Latn,bku_Latn,bmh_Latn,bnj_Latn,bno_Latn,bor_Latn,bpy_Beng,bqj_Latn,bre_Latn,brh_Arab,brx_Deva,bsq_Latn,bts_Latn,btx_Latn,bug_Latn,bul_Cyrl,bum_Latn,bwd_Latn,byv_Latn,byx_Latn,bzd_Latn,bzh_Latn,bzj_Latn,cag_Latn,cat_Latn,cbk_Latn,ccp_Latn,cdo_Latn,ceb_Latn,cek_Latn,ces_Latn,cha_Latn,chf_Latn,chr_Cher,cjk_Latn,ckb_Arab,cmn_Hani,cnh_Latn,cni_Latn,cof_Latn,con_Latn,cor_Latn,cos_Latn,cpy_Latn,crh_Latn,cri_Latn,crs_Latn,crx_Latn,csb_Latn,cuk_Latn,cwe_Latn,cym_Latn,daa_Latn,dag_Latn,dan_Latn,deu_Latn,dgi_Latn,dgz_Latn,dhm_Latn,dhv_Latn,dik_Latn,diq_Latn,dis_Latn,dje_Latn,dks_Latn,dln_Latn,doi_Deva,drg_Latn,dru_Latn,dsb_Latn,dty_Deva,dua_Latn,dug_Latn,dww_Latn,dyo_Latn,ebk_Latn,efi_Latn,ekk_Latn,ell_Grek,eme_Latn,eml_Latn,eng_Latn,enl_Latn,enm_Latn,epo_Latn,esk_Latn,ess_Latn,eus_Latn,ewe_Latn,ewo_Latn,ext_Latn,fao_Latn,fas_Arab,fat_Latn,fij_Latn,fil_Latn,fin_Latn,fon_Latn,for_Latn,fra_Latn,frd_Latn,fro_Latn,frp_Latn,frr_Latn,fry_Latn,fuf_Latn,fuq_Latn,fur_Latn,fuv_Latn,gaa_Latn,gag_Latn,gaz_Latn,gcf_Latn,gcr_Latn,gdg_Latn,gfk_Latn,ghe_Deva,gkn_Latn,gla_Latn,gle_Latn,glg_Latn,glk_Arab,glv_Latn,gmh_Latn,gmv_Ethi,gof_Latn,goh_Latn,gom_Deva,gom_Latn,gor_Latn,gos_Latn,got_Latn,grc_Grek,grt_Beng,gsw_Latn,gub_Latn,guc_Latn,gug_Latn,gui_Latn,guj_Latn,gul_Latn,guw_Latn,guz_Latn,gvc_Latn,gya_Latn,gym_Latn,gyr_Latn,hac_Arab,hat_Latn,hau_Latn,hav_Latn,hay_Latn,hbo_Hebr,hbs_Latn,hch_Latn,heb_Hebr,heh_Latn,her_Latn,hif_Latn,hil_Latn,hin_Deva,hin_Latn,hlt_Latn,hmo_Latn,hmr_Latn,hne_Deva,hrv_Latn,hrx_Latn,hsb_Latn,hun_Latn,hus_Latn,huv_Latn,hwc_Latn,iba_Latn,ibg_Latn,ibo_Latn,ido_Latn,idu_Latn,ifb_Latn,ige_Latn,ikt_Latn,ilb_Latn,ile_Latn,ilo_Latn,ina_Latn,ind_Latn,ish_Latn,isl_Latn,iso_Latn,ita_Latn,ium_Latn,ivv_Latn,izz_Latn,jam_Latn,jav_Latn,jbo_Latn,jiv_Latn,jmc_Latn,jpn_Jpan,kab_Latn,kac_Latn,kak_Latn,kal_Latn,kam_Latn,kan_Latn,kas_Deva,kas_Latn,kat_Geor,kbp_Latn,kbq_Latn,kbr_Latn,kca_Cyrl,kde_Latn,kdj_Latn,kea_Latn,kew_Latn,kex_Deva,kgr_Latn,kha_Latn,khs_Latn,kij_Latn,kik_Latn,kin_Latn,kiu_Latn,kle_Deva,kmb_Latn,kmd_Latn,kmm_Latn,kmr_Latn,kmy_Latn,knc_Arab,knc_Latn,kng_Latn,kny_Latn,koo_Latn,kor_Hang,kos_Latn,kpe_Latn,kpr_Latn,kpz_Latn,kqf_Latn,kqw_Latn,kri_Latn,ksb_Latn,ksh_Latn,ksp_Latn,ktu_Latn,kua_Latn,kup_Latn,kwf_Latn,kwn_Latn,kwy_Latn,kyc_Latn,kzj_Latn,lad_Latn,laj_Latn,lam_Latn,lat_Latn,law_Latn,ldi_Latn,lea_Latn,leh_Latn,lfn_Latn,lgg_Latn,lgl_Latn,lgm_Latn,lim_Latn,lin_Latn,lit_Latn,liv_Latn,llg_Latn,lmk_Latn,lmo_Latn,loe_Latn,loq_Latn,loz_Latn,ltg_Latn,ltz_Latn,lua_Latn,lub_Latn,lud_Latn,lue_Latn,lug_Latn,lun_Latn,luo_Latn,lus_Latn,lvs_Latn,lzh_Hani,mad_Latn,mag_Deva,mah_Latn,mai_Deva,mak_Latn,mal_Latn,mam_Latn,mar_Deva,mar_Latn,mas_Latn,maw_Latn,max_Latn,mbd_Latn,mck_Latn,mcn_Latn,mco_Latn,mcp_Latn,mej_Latn,meq_Latn,mer_Latn,met_Latn,mfe_Latn,mfy_Latn,mgh_Latn,mgo_Latn,mgr_Latn,mhw_Latn,mih_Latn,min_Latn,miq_Latn,mjw_Latn,mlp_Latn,mlt_Latn,mni_Beng,mni_Latn,mos_Latn,mox_Latn,mqb_Latn,mqj_Latn,mqy_Latn,mri_Latn,mrw_Latn,mse_Latn,msy_Latn,mua_Latn,mui_Latn,mup_Deva,mur_Latn,mus_Latn,muy_Latn,mvp_Latn,mwl_Latn,mwn_Latn,mww_Latn,myw_Latn,myx_Latn,mzn_Arab,mzw_Latn,nah_Latn,nap_Latn,naq_Latn,nav_Latn,nba_Latn,nbe_Latn,nbl_Latn,nbu_Latn,ncj_Latn,nct_Latn,ncx_Latn,ndc_Latn,nds_Latn,neb_Latn,new_Deva,ngl_Latn,ngp_Latn,ngu_Latn,nia_Latn,nif_Latn,nij_Latn,niu_Latn,njo_Latn,nkf_Latn,nld_Latn,nlg_Latn,nmh_Latn,nnb_Latn,nng_Latn,nno_Latn,nnp_Latn,nob_Latn,non_Latn,nov_Latn,npi_Deva,npi_Latn,nrf_Latn,nso_Latn,nst_Latn,ntr_Latn,ntu_Latn,nuj_Latn,nxd_Latn,nya_Latn,nyk_Latn,nyn_Latn,nyy_Latn,nzi_Latn,nzm_Latn,obo_Latn,oci_Latn,old_Latn,ons_Latn,orv_Cyrl,ory_Orya,ota_Arab,otd_Latn,oto_Latn,pag_Latn,pam_Latn,pan_Guru,pan_Latn,pap_Latn,pbt_Arab,pcd_Latn,pcm_Latn,pdc_Latn,pdt_Latn,pem_Latn,pfl_Latn,phm_Latn,pib_Latn,pis_Latn,pls_Latn,plt_Latn,plw_Latn,pma_Latn,pmf_Latn,pms_Latn,pnb_Arab,pol_Latn,pon_Latn,por_Latn,pot_Latn,prg_Latn,pui_Latn,pwn_Latn,qub_Latn,quc_Latn,quf_Latn,qug_Latn,qus_Latn,quy_Latn,quz_Latn,qve_Latn,qvi_Latn,qvn_Latn,qvz_Latn,qwh_Latn,qxh_Latn,qxn_Latn,qxo_Latn,rar_Latn,rav_Deva,rcf_Latn,rej_Latn,rhg_Latn,rjs_Deva,rmc_Latn,rme_Latn,rmn_Latn,rmo_Latn,rmy_Latn,rnd_Latn,roh_Latn,ron_Latn,rop_Latn,rub_Latn,rue_Cyrl,run_Latn,rup_Latn,rus_Cyrl,sag_Latn,san_Deva,san_Latn,sat_Latn,say_Latn,sba_Latn,sbl_Latn,sck_Deva,scn_Latn,sco_Latn,sdh_Arab,seh_Latn,ses_Latn,sgc_Latn,sgs_Latn,shi_Latn,shp_Latn,shr_Latn,shu_Arab,sid_Latn,sim_Latn,sin_Sinh,skg_Latn,slk_Latn,slv_Latn,sma_Latn,sme_Latn,smk_Latn,sml_Latn,smn_Latn,smo_Latn,sms_Latn,smt_Latn,sna_Latn,snd_Arab,snd_Deva,snd_Latn,som_Latn,sop_Latn,soq_Latn,sot_Latn,spa_Latn,spy_Latn,srd_Latn,srn_Latn,srp_Latn,ssw_Latn,ssx_Latn,suc_Latn,sun_Latn,sus_Latn,suz_Deva,swc_Latn,swe_Latn,swg_Latn,swh_Latn,swk_Latn,syl_Beng,syl_Latn,szl_Latn,szy_Latn,tah_Latn,tam_Latn,tam_Taml,tap_Latn,taq_Latn,tar_Latn,tat_Latn,taw_Latn,tay_Latn,tbc_Latn,tcc_Latn,tcz_Latn,tdx_Latn,tel_Latn,teo_Latn,tha_Thai,thl_Deva,thv_Latn,tih_Latn,tir_Ethi,tiv_Latn,tku_Latn,tlh_Latn,tly_Latn,toc_Latn,toi_Latn,toj_Latn,tok_Latn,ton_Latn,tpi_Latn,tpw_Latn,tsg_Latn,tsn_Latn,tso_Latn,ttj_Latn,ttq_Latn,tuc_Latn,tuf_Latn,tui_Latn,tuk_Latn,tum_Latn,tur_Latn,tuv_Latn,tvl_Latn,twi_Latn,twu_Latn,twx_Latn,tzh_Latn,tzl_Latn,tzo_Latn,ubr_Latn,uig_Arab,uig_Latn,ukr_Cyrl,umb_Latn,und_Adlm,und_Arab,und_Armn,und_Bali,und_Bamu,und_Beng,und_Bhks,und_Brah,und_Brai,und_Cans,und_Cher,und_Copt,und_Cpmn,und_Cyrl,und_Deva,und_Dsrt,und_Egyp,und_Ethi,und_Geor,und_Gonm,und_Goth,und_Grek,und_Guru,und_Hebr,und_Hira,und_Hluw,und_Hmng,und_Hung,und_Java,und_Kana,und_Khmr,und_Kits,und_Knda,und_Laoo,und_Latn,und_Lina,und_Linb,und_Mend,und_Mlym,und_Modi,und_Mong,und_Mtei,und_Mymr,und_Nagm,und_Newa,und_Nshu,und_Osge,und_Plrd,und_Runr,und_Sgnw,und_Sidd,und_Sinh,und_Syrc,und_Talu,und_Taml,und_Tang,und_Tavt,und_Tibt,und_Vaii,und_Xsux,und_Yiii,upv_Latn,urb_Latn,urd_Arab,urd_Latn,uzn_Latn,var_Latn,vec_Latn,ven_Latn,vep_Latn,vid_Latn,vie_Latn,vls_Latn,vol_Latn,vro_Latn,wal_Latn,war_Latn,wbm_Latn,wes_Latn,wiu_Latn,wln_Latn,wlv_Latn,wlx_Latn,wmw_Latn,wnu_Latn,wol_Latn,wuu_Hani,xbi_Latn,xho_Latn,xmf_Geor,xmv_Latn,yap_Latn,ybb_Latn,yby_Latn,yml_Latn,yom_Latn,yor_Latn,yrk_Cyrl,yue_Hani,yuj_Latn,yup_Latn,zai_Latn,zea_Latn,ziw_Latn,zne_Latn,zpm_Latn,zpu_Latn,zsm_Latn,zsr_Latn,zul_Latn
arb_Arab,0,0,0,0,1,0,0,0,28,0,0,0,121,0,0,0,0,0,0,2,1,0,0,0,0,0,0,0,0,0,240,0,0,0,16259,0,0,0,17,0,456,6760,1808,0,0,0,0,0,0,0,0,2,7,1,0,0,0,0,0,1,0,3,0,0,0,1,0,0,0,0,0,1,0,0,0,0,1,0,0,0,0,0,0,0,0,0,0,1,0,0,1,0,0,0,0,0,0,0,0,0,0,0,0,0,0,0,0,0,0,0,0,1,0,3,3,0,0,0,0,0,0,0,0,1,0,0,0,0,0,0,0,0,2,1,0,0,0,0,0,0,0,0,2,0,0,0,0,0,0,1,1,0,0,0,0,5,4,1,0,34,0,0,0,0,0,0,0,0,0,0,10,0,0,0,2,0,0,7,0,0,0,0,0,0,0,2,0,0,0,0,0,0,0,0,0,0,0,0,4,4,0,0,0,0,0,0,1,0,0,0,0,0,0,0,0,0,0,0,0,0,0,0,0,0,0,2,0,0,0,0,0,1,0,1,0,0,0,0,0,0,0,0,0,0,0,0,0,1,0,0,0,0,0,0,0,0,0,0,0,0,0,1,0,0,0,0,0,2,0,0,0,0,0,0,0,0,0,0,0,0,0,0,0,0,0,1,0,0,0,0,0,0,0,0,0,1,0,0,0,0,0,14,0,0,0,0,0,1,4,0,0,0,0,1,0,0,1,0,0,0,0,0,0,0,0,0,0,0,0,0,0,0,0,0,0,0,0,0,0,0,0,0,0,0,0,0,0,0,0,0,1,0,1,1,0,0,0,0,0,0,0,1,0,0,4,55,0,0,0,0,0,1,0,0,0,0,0,0,0,0,0,0,0,0,0,0,0,0,0,0,0,0,0,1,0,0,0,0,3,0,0,0,1,0,1,1,0,0,0,0,0,0,0,0,0,0,0,0,0,0,0,0,2,0,0,0,1,0,0,0,0,0,0,0,0,0,0,0,0,0,0,0,0,0,0,0,0,0,2,0,0,0,0,0,0,0,0,0,0,0,0,0,0,1,0,0,0,0,0,0,0,0,0,0,1,1,0,0,0,4,0,1,0,0,0,0,0,5,0,2,0,0,0,0,0,0,0,0,0,0,0,0,0,2,2,0,3,0,0,0,0,0,0,0,0,0,0,0,1,0,1,0,0,0,0,0,0,0,0,0,0,0,0,0,0,0,0,0,0,1,0,0,0,0,0,2,0,0,0,0,0,0,0,0,3,0,3,0,1,0,0,0,0,0,1,0,0,0,0,6,0,0,0,0,0,0,0,0,0,0,8,0,0,1,0,0,0,13,0,5,0,0,0,0,0,0,0,0,0,2,0,2,1,0,0,0,0,0,0,0,1,1,0,0,0,0,0,0,0,0,0,0,0,0,0,0,0,0,0,0,0,0,0,0,0,0,1,0,0,0,0,0,0,0,0,0,0,0,1,0,0,0,0,0,1,0,0,1,1,0,1,0,0,6,0,1,2,0,1,0,0,2,0,0,0,1,0,1,4,1,1,1,0,0,0,0,2,0,0,0,0,0,0,1,2,0,7,0,0,0,0,1,0,0,0,1,1,0,0,0,0,0,0,0,0,0,0,7,0,1,0,0,3,0,0,3,3,3,0,4,0,0,0,0,0,0,0,0,0,0,0,0,0,0,0,0,0,2,0,0,1,0,0,0,0,0,0,0,1,0,6,0,0,0,0,1,0,0,0,1,0,0
ben_Beng,0,0,0,0,0,0,0,0,0,0,0,0,0,0,0,0,0,0,0,0,0,0,0,0,0,0,0,0,0,0,0,0,0,0,0,0,0,0,0,0,0,0,0,41,0,0,0,0,0,0,0,0,0,0,0,0,0,0,0,0,0,0,0,0,0,0,1747,0,0,0,0,0,0,0,0,0,0,0,0,0,0,0,0,0,10,0,0,0,0,0,0,0,0,0,0,0,0,0,0,0,0,0,0,0,0,0,0,0,0,0,0,0,0,0,0,0,0,0,0,0,0,0,0,0,0,0,0,0,0,0,0,0,1,0,0,0,0,0,0,0,0,0,0,0,0,0,0,0,0,0,0,0,0,0,0,1,0,0,0,2,0,0,0,0,0,0,0,0,0,0,0,0,0,0,0,0,0,1,0,0,0,0,0,0,0,0,0,0,0,0,0,0,0,0,0,0,0,0,0,0,0,0,0,0,0,0,0,0,0,0,0,2,0,0,0,0,0,0,0,0,0,0,0,0,0,0,1,0,0,0,0,0,0,1,0,0,0,0,0,0,0,0,0,0,0,0,0,0,0,0,0,0,0,0,0,0,0,0,0,0,0,1,0,0,0,0,0,0,0,0,0,0,0,0,0,0,0,0,0,0,0,0,0,0,0,0,0,0,0,1,0,0,0,0,0,0,0,0,0,0,0,2,0,0,0,0,0,0,0,1,0,0,0,0,0,0,0,0,0,0,0,0,0,0,0,0,0,0,0,0,0,0,0,0,0,0,0,0,0,0,0,0,0,0,0,0,0,0,0,0,1,0,0,0,0,0,0,0,0,0,0,0,0,0,0,0,0,0,0,0,0,0,0,0,0,0,0,0,0,0,0,0,0,0,0,0,0,0,0,0,0,0,0,0,0,0,0,0,0,31,0,0,0,0,0,0,0,0,0,0,0,0,0,0,0,0,0,0,0,0,0,0,0,0,0,0,0,0,0,0,0,0,0,0,0,0,0,0,0,0,0,0,0,0,0,0,0,0,0,0,0,0,0,0,0,0,0,0,0,0,0,0,0,0,0,0,0,0,0,0,0,0,0,0,0,0,0,0,1,0,0,0,0,0,0,0,0,0,0,0,0,0,0,0,0,0,0,0,0,0,0,0,0,0,0,0,0,0,0,0,0,0,0,0,0,0,0,0,0,0,0,0,0,0,0,0,0,0,0,0,0,0,0,0,0,0,0,0,0,0,0,0,0,0,0,0,0,0,0,0,0,0,0,0,1,0,0,0,0,0,0,0,0,0,0,0,0,0,0,0,0,0,0,0,0,0,0,0,0,0,0,0,0,0,0,0,0,0,0,4,0,0,0,0,1,0,0,0,0,0,0,0,0,3,0,0,0,0,0,0,0,0,0,0,0,0,0,0,0,0,0,0,0,0,0,0,0,0,0,0,0,0,0,0,0,1,0,0,0,0,0,0,0,0,0,0,0,0,0,0,0,0,0,0,0,0,0,0,0,0,0,0,0,1,0,0,0,15,0,0,0,1,0,0,0,1,1,0,0,0,0,0,0,0,0,0,0,1,0,0,0,0,0,0,0,0,0,0,0,0,0,0,0,0,0,0,0,1,0,1,1,0,0,0,0,0,0,0,0,0,0,0,0,1,0,0,0,0,0,1,0,0,0,0,0,0,0,0,0,0,0,0,0,0,0,0,0,3,0,0,0,0,0,0,0,0,0,0,0,0,1,0,0,0,0,0,0,0,1,0,0,0
deu_Latn,0,0,0,0,0,2,0,0,0,0,0,0,0,12,0,0,0,0,0,1,0,0,0,0,0,0,1,0,0,0,0,0,0,0,0,2,0,0,0,0,0,0,0,0,0,1,0,0,0,0,0,0,0,2,0,0,79,0,0,0,0,0,0,0,0,0,0,0,0,0,0,2,0,0,0,0,0,2,0,0,0,0,0,0,0,0,0,0,0,0,0,0,1,0,0,0,0,0,0,0,0,0,1,2,0,0,1,0,12,0,0,0,0,0,1,1,0,0,0,0,0,0,2,0,0,1,0,0,0,5,0,2,38,6160,0,0,0,0,0,0,0,0,2,1,0,0,0,0,0,0,0,0,0,0,0,28,2,0,0,22,0,0,0,0,0,6,1,0,0,1,0,1,0,0,9,0,0,3,0,0,1,3,0,0,0,56,0,0,0,0,0,1,0,0,0,0,1,7,1,0,0,16,0,0,1,0,0,0,0,1,0,0,243,0,0,0,0,0,0,0,0,1,0,0,0,0,3,0,0,0,0,1,0,0,0,0,0,1,0,0,0,0,1,0,0,2,5,6,0,0,0,1,0,0,0,0,0,0,0,0,1,2,5,3,0,1,0,2,0,0,0,2,4,0,0,0,0,1,0,0,1,0,3,0,0,0,0,0,0,0,0,0,0,0,0,0,0,0,0,0,1,61,0,10,0,0,0,0,0,0,0,0,0,0,0,0,0,0,0,0,0,0,15,0,0,0,0,0,0,0,0,0,1,0,0,5,0,0,0,0,0,0,0,0,47,0,9,0,0,0,3,0,0,1,1,71,0,0,0,0,0,0,5,0,10,6,1,0,0,0,0,1,0,0,0,0,0,0,0,0,0,0,0,0,0,0,0,0,0,0,0,0,0,0,1,0,0,0,16,0,0,4,0,0,0,0,1,0,0,0,0,0,0,0,0,0,0,0,0,0,0,0,0,0,0,0,0,0,2,0,1,0,0,0,0,0,52,0,0,0,0,0,0,0,0,0,0,0,67,0,0,1,1,9,0,7,0,0,0,0,0,1,0,0,0,0,0,1,1,0,0,0,0,0,2,0,0,0,0,0,0,1,0,0,0,0,0,0,0,3,0,14,0,13,0,0,0,0,0,0,0,0,0,0,16,0,7,0,0,0,0,0,0,0,0,0,0,0,0,0,0,0,0,1,0,0,0,0,1,0,0,0,0,0,1,0,2,0,3,0,0,0,0,0,0,0,0,0,0,0,0,0,0,0,2,13,0,0,0,0,0,0,0,0,0,0,0,0,0,15,10,1,19,0,0,4,0,2,0,1,0,0,0,1,0,0,1,1,0,39,0,0,0,0,0,1,0,0,0,91,1,0,0,0,0,11,0,0,1,0,0,2,0,0,0,0,0,0,0,0,0,0,0,0,0,2,0,0,0,0,0,0,0,1,0,0,2,0,0,0,2,0,0,0,0,0,0,0,0,0,1,0,0,0,0,0,0,0,0,0,2,1,0,1,0,0,1,0,0,0,7,1,0,0,1,2,0,0,1,0,0,0,0,0,1,0,0,0,0,0,0,0,0,0,0,0,2,0,0,0,0,0,0,0,0,0,0,0,0,1,0,0,0,0,0,0,0,1,0,0,0,1,0,0,0,0,4,3,0,15,0,0,0,0,1,0,0,0,0,0,0,0,0,0,1,1,0,3,0,0,8,0,0,1,0,0,0,0,0,0,1,0,0,0,0,0,0,0,0,3,0,0
eng_Latn,0,1,11,3,0,17,7,2,0,1,1,1,0,48,3,1,1,1,2,10,0,3,2,1,4,1,12,2,0,1,0,1,1,0,2,5,7,3,0,3,0,0,0,0,3,18,1,0,1,1,1,26,0,3,15,19,25,4,1,5,1,0,1,4,2,3,0,11,3,1,0,18,1,2,4,5,0,7,1,1,1,1,1,1,0,1,3,0,0,3,0,4,24,0,0,1,1,1,1,1,28,1,28,25,1,1,8,1,19,1,0,0,1,0,11,1,3,1,1,3,1,1,5,2,4,0,1,1,1,14,1,30,147,38,1,2,1,2,2,5,1,1,6,0,0,1,1,3,0,0,0,2,2,1,2,103,5,1,3,20350,1,41,9,2,1,7,14,2,4,15,0,6,11,133,83,2,1,37,1,11,7,10,13,1,1,159,12,5,1,5,1,2,1,1,0,3,40,26,19,0,7,3,1,1,5,0,23,1,3,1,2,0,20,2,1,5,1,8,2,2,4,0,1,1,1,0,36,23,1,1,1,23,5,6,1,1,31,13,13,10,2,2,0,14,7,2,2,40,1,1,5,3,5,44,6,6,7,4,1,1,18,22,38,63,13,1,4,49,1,3,1,89,39,1,2,2,9,6,4,2,2,2,3,0,1,0,3,1,1,0,1,1,2,1,0,0,4,1,1,5,55,225,0,2,2,1,9,0,0,3,4,2,1,6,5,0,0,2,1,1,3,1,5,1,1,4,1,1,1,2,1,2,2,1,1,63,1,0,0,1,2,2,1,2,99,6,31,0,1,1,20,1,0,4,25,37,6,1,1,3,7,2,7,16,81,22,7,0,1,0,5,17,1,0,7,1,2,3,3,2,1,1,2,1,1,1,1,6,1,1,1,0,1,0,6,1,1,1,126,0,1,3,0,1,0,1,22,1,1,1,1,3,0,1,0,1,2,5,4,3,0,1,0,1,6,10,1,2,2,1,2,3,1,1,1,3,23,0,0,1,1,2,3,1,1,3,1,1,153,1,2,4,1,55,2,38,1,6,0,1,5,33,1,0,1,6,1,13,0,2,5,2,1,1,19,1,1,1,0,0,0,5,23,18,2,5,26,0,1,148,9,3,1,2,1,1,22,1,4,1,0,0,9,0,86,5,41,1,1,1,1,4,0,1,2,1,3,5,0,1,0,2,1,2,3,1,6,0,2,0,7,0,1,1,2,3,1,3,7,11,2,1,0,15,1,0,4,0,2,1,0,3,1,0,21,576,0,2,2,2,2,2,2,3,0,2,1,0,5,53,40,1,16,1,1,0,1,1,2,23,0,0,6,53,3,1,11,15,1,533,1,2,11,1,0,72,1,0,5,113,1,74,0,0,3,16,2,4,5,2,1,7,2,2,1,1,1,1,2,2,12,6,4,0,1,2,3,4,1,7,1,1,3,0,1,5,15,1,1,8,7,1,1,1,2,1,11,4,19,1,0,19,1,1,0,2,1,1,0,1,0,5,1,3,1,0,3,0,1,1,2,2,1,1,0,4,0,0,3,3,1,0,1,3,0,1,1,1,0,2,1,1,1,3,0,1,17,0,2,2,1,0,0,0,3,0,0,0,1,0,0,1,1,0,1,1,1,4,1,2,1,6,7,0,1,0,11,46,1,105,3,2,1,11,17,7,1,1,40,1,137,1,5,1,0,0,1,93,2,1,84,1,3,3,0,2,4,1,10,0,8,1,1,2,2,0,3,1,0,95,1,20
fra_Latn,3,0,0,0,0,1,0,0,0,0,0,0,0,3,0,0,0,0,0,0,0,1,0,0,0,0,0,0,0,0,0,0,0,1,0,0,0,0,0,0,0,0,0,0,0,3,0,1,2,0,0,4,0,0,11,0,1,9,0,0,0,0,0,0,0,0,0,1,1,0,0,3,0,0,0,0,0,0,0,0,0,0,0,0,0,0,2,0,0,0,0,0,1,0,2,0,0,0,0,0,0,0,3,0,0,0,0,0,1,0,0,0,0,0,0,0,0,0,0,0,0,0,0,0,2,0,0,0,0,0,0,0,11,8,0,0,0,0,0,1,0,0,0,0,0,0,0,0,0,0,0,0,0,0,0,2,2,0,0,9,0,1,1,0,0,1,0,2,1,0,0,0,1,1,1,3,0,2675,0,12,27,2,1,0,0,13,0,0,0,0,0,1,0,0,0,0,2,9,1,0,0,1,0,0,0,0,1,0,0,0,0,0,4,0,0,0,0,0,0,0,0,0,0,0,0,0,32,0,0,0,0,5,0,0,0,0,0,0,0,1,0,0,0,0,0,0,0,4,0,0,0,0,0,0,2,0,0,0,0,0,2,1,2,0,0,0,0,4,0,0,0,0,2,1,0,0,0,1,0,0,0,0,0,0,0,0,0,0,0,0,0,0,2,0,0,0,0,0,0,0,2,21,0,0,0,0,0,0,0,0,1,0,0,0,0,4,0,0,0,0,0,0,1,0,1,0,0,0,1,0,0,0,1,0,0,2,0,7,0,0,0,0,0,0,6,2,1,0,0,0,0,0,0,0,0,14,2,0,0,0,0,0,0,1,8,2,0,0,0,0,0,0,0,0,0,0,0,0,0,0,0,0,0,0,0,0,0,12,0,0,0,1,0,0,0,0,0,0,13,0,0,0,0,0,0,0,0,0,0,0,0,0,0,0,1,0,0,0,0,0,0,0,0,0,0,0,0,0,0,0,0,0,0,0,0,0,0,1,0,0,0,0,0,0,0,0,0,0,18,0,0,0,0,1,0,3,0,2,0,0,3,1,0,0,0,1,0,0,0,0,0,0,0,0,13,0,0,1,0,0,0,0,0,0,0,0,1,0,1,7,0,0,0,1,0,0,0,0,0,0,1,0,1,0,1,0,7,0,0,0,0,0,0,0,0,0,0,0,0,2,0,0,0,0,0,0,0,0,8,1,0,0,0,0,0,0,2,0,0,1,0,0,0,0,0,0,7,0,0,0,1,0,0,0,0,3,0,0,0,0,0,0,0,0,0,0,0,0,0,6,7,0,2,0,0,0,0,0,0,0,0,0,0,1,0,0,0,1,0,24,0,0,0,0,0,5,0,0,0,6,0,1,0,0,0,3,0,0,1,0,0,0,1,0,0,0,0,0,0,0,1,0,0,0,0,0,0,0,0,0,0,0,0,0,0,0,0,0,0,1,0,0,0,0,0,0,0,0,0,0,0,0,0,0,0,0,0,0,0,0,0,0,0,0,0,0,0,0,0,0,0,0,0,0,0,0,0,0,0,0,0,0,0,0,0,0,0,0,0,0,0,0,0,0,0,0,1,0,0,0,0,0,0,0,0,0,0,1,0,0,0,0,0,0,0,0,0,2,0,0,0,0,0,0,0,0,0,0,0,22,0,0,0,0,0,0,0,0,1,0,1,0,3,0,0,0,0,31,0,0,1,0,0,0,2,0,0,0,0,0,1,0,0,0,0,0,3,0,0,1,0,0
hin_Deva,0,0,0,0,0,0,0,0,0,0,0,0,0,0,0,0,0,0,0,1,0,0,0,0,0,0,0,0,14,0,0,0,0,0,0,0,0,0,0,0,0,0,0,0,0,0,0,0,0,0,26,0,0,0,0,0,0,0,0,0,0,0,0,0,0,0,0,0,0,0,82,1,0,0,0,0,0,0,0,0,0,0,0,0,0,0,0,0,3,0,0,0,0,0,0,0,0,0,0,0,0,0,0,0,0,0,0,0,0,0,1,0,0,0,0,0,0,0,0,0,0,0,0,0,0,0,0,0,0,1,0,0,0,1,0,0,0,0,0,0,0,0,0,0,9,0,0,0,12,0,0,0,0,0,0,0,0,0,0,5,0,0,0,0,0,0,0,0,0,0,0,0,0,0,1,0,0,0,0,0,0,0,0,0,0,1,0,0,0,0,0,0,0,0,2,0,0,0,0,0,0,0,0,0,0,17,0,0,0,0,0,0,0,0,0,0,0,0,0,0,0,0,0,0,0,0,0,0,0,0,0,0,0,0,0,0,0,0,3297,2,0,0,0,43,0,1,0,0,0,0,0,0,0,0,0,0,0,0,0,0,0,0,0,0,0,0,0,0,0,0,0,0,0,0,0,0,0,0,0,0,0,0,0,6,0,0,0,0,0,0,0,0,0,0,2,0,0,0,0,0,0,4,1,0,0,0,0,0,0,0,0,0,0,0,0,0,0,0,0,0,0,0,0,0,0,0,0,0,0,0,0,0,0,0,0,0,0,0,0,0,0,0,0,0,2,0,0,0,0,0,1,0,0,0,0,0,0,0,0,0,0,0,0,0,0,2,0,15,1,21,0,0,0,15,0,0,0,0,0,0,0,0,0,0,0,0,0,0,0,0,0,0,0,0,0,0,0,0,0,0,0,0,0,0,0,0,0,0,0,0,0,0,2,0,0,0,0,0,0,0,0,0,0,0,0,0,0,0,0,0,0,0,0,0,0,0,0,0,4,0,0,0,0,0,0,0,0,0,0,0,0,0,0,0,0,0,0,0,12,0,0,0,0,0,0,0,0,0,0,0,0,0,0,0,0,0,0,0,0,0,0,1,0,0,0,0,0,0,0,0,0,0,0,0,0,0,0,0,0,0,0,0,0,0,0,0,0,0,0,0,0,2,1,0,0,0,0,0,0,0,0,1,0,0,0,0,0,1,0,0,0,1,0,0,1,0,0,0,0,0,0,0,0,0,0,0,0,21,0,0,0,0,0,4,0,0,0,0,0,0,0,0,0,0,0,0,0,0,0,0,0,0,0,0,0,0,0,0,0,0,0,3,0,1,0,0,0,0,0,0,0,0,0,0,0,0,0,3,0,0,0,0,0,0,0,0,0,0,0,0,0,0,0,0,0,0,0,0,0,0,0,0,0,1,0,0,0,0,0,0,0,0,0,0,0,0,0,0,0,0,0,0,0,0,0,0,0,0,0,0,0,0,0,0,0,0,0,0,0,0,0,0,0,0,0,0,1,0,0,0,0,0,0,0,0,0,5,0,1,0,0,0,0,0,0,0,1,0,1,0,0,0,0,0,0,0,0,0,0,0,0,0,0,1,0,0,0,1,0,0,0,1,0,0,0,0,0,1,0,0,0,0,0,0,0,0,1,0,0,0,0,0,0,0,0,0,0,0,0,0,0,0,0,0,0,0,0,0,0,0,0,0,0,0,0,0,0,0,0,2,0,0,0,0,0,0,0,0,0,0,0,0
pli_Sinh,0,0,0,0,0,0,0,0,0,0,0,0,0,0,0,0,0,0,0,0,0,0,0,0,0,0,0,0,0,0,0,0,0,0,0,0,0,0,0,0,0,0,0,0,0,0,0,0,0,0,0,0,0,0,0,0,0,0,0,0,0,0,0,0,0,0,0,0,0,0,0,0,0,0,0,0,0,0,0,0,0,0,0,0,0,0,0,0,0,0,0,0,0,0,0,0,0,0,0,0,0,0,0,0,0,0,0,0,0,0,0,0,0,0,0,0,0,0,0,0,0,0,0,0,0,0,0,0,0,0,0,0,0,0,0,0,0,0,0,0,0,0,0,0,0,0,0,0,0,0,0,0,0,0,0,0,0,0,0,0,0,0,0,0,0,0,0,0,0,0,0,0,0,0,0,0,0,0,0,0,0,0,0,0,0,0,0,0,0,0,0,0,0,0,0,0,0,0,0,0,0,0,0,0,0,0,0,0,0,0,0,0,0,0,0,0,0,0,0,0,0,0,0,0,0,0,0,0,0,0,1,0,0,0,0,0,0,0,0,0,0,0,0,0,0,0,0,0,0,0,0,0,0,0,0,0,0,0,0,0,0,0,0,0,0,0,0,0,0,0,0,0,0,0,0,0,0,0,0,0,0,0,0,0,0,0,0,0,0,0,0,0,0,0,0,0,0,0,0,0,0,0,0,0,0,0,0,0,0,0,0,0,0,0,0,0,0,0,0,0,0,0,0,0,0,0,0,0,0,0,0,0,0,0,0,0,0,0,0,0,0,0,0,0,0,0,0,0,0,0,0,0,0,0,0,0,0,0,0,0,0,0,0,0,0,0,0,0,0,0,0,0,0,0,0,0,0,0,0,0,0,0,0,0,0,0,0,0,0,0,0,0,0,0,0,0,0,0,0,0,0,0,0,0,0,0,0,0,0,0,0,0,0,0,0,0,0,0,0,0,0,0,0,0,0,0,0,0,0,0,0,0,0,0,0,0,0,0,0,0,0,0,0,0,0,0,0,0,0,0,0,0,0,0,0,0,0,0,0,0,0,0,0,0,0,0,0,0,0,0,0,0,0,0,0,0,0,0,0,0,0,0,0,0,0,0,0,0,0,0,0,0,0,0,0,0,0,0,0,0,0,0,0,0,0,0,0,0,0,0,0,0,0,0,0,0,0,0,0,0,0,0,0,0,0,0,0,0,0,0,0,0,0,0,0,0,0,0,0,0,0,0,0,0,0,0,0,0,0,0,0,0,0,0,0,0,0,0,0,0,0,0,0,0,0,0,0,2904,0,0,0,0,0,0,0,0,0,0,0,0,0,0,0,0,0,0,0,0,0,0,0,0,0,0,0,0,0,0,0,0,0,0,0,0,0,0,0,0,0,0,0,0,0,0,0,0,0,0,0,0,0,0,0,0,0,0,0,0,0,0,0,0,0,0,0,0,0,0,0,0,0,0,0,0,0,0,0,0,0,0,0,0,0,0,0,0,0,0,0,0,0,0,0,0,0,0,0,0,0,0,0,0,0,0,0,0,0,0,0,0,0,0,0,0,0,0,0,0,0,0,0,0,0,0,0,0,0,0,0,0,0,0,0,0,0,0,0,0,0,0,0,0,0,122,0,0,0,0,0,0,0,0,0,0,0,0,0,0,0,0,0,0,0,0,0,0,0,0,0,0,0,0,0,0,0,0,0,0,0,0,0,0,0,0,0,0,0,0,0,0,0,0,0,0,0,0,0,0,0,0,0,0
san_Deva,0,0,0,0,0,0,0,0,0,0,0,0,0,0,0,0,0,0,0,1,0,0,0,0,0,0,0,0,2,0,0,0,0,0,0,0,0,0,0,0,0,0,0,0,0,0,0,0,0,0,1,0,0,0,0,0,0,0,0,0,0,0,0,0,0,0,0,0,0,0,4,0,0,0,0,0,0,0,0,0,0,0,0,0,0,0,0,0,0,0,0,0,0,0,0,0,0,0,0,0,0,0,0,0,0,0,0,0,0,0,0,0,0,0,0,0,0,0,0,0,0,0,0,0,0,0,0,0,0,0,0,0,0,0,0,0,0,0,0,0,0,0,0,0,0,0,0,0,3,0,0,0,0,0,0,0,0,0,0,0,0,0,0,0,0,0,0,0,0,0,0,0,0,0,0,0,0,0,0,0,0,0,0,0,0,0,0,0,0,0,0,0,0,0,0,0,0,0,0,0,0,0,0,0,0,0,0,0,0,0,0,0,0,0,0,0,0,0,0,0,0,0,0,0,0,0,0,0,0,0,0,0,0,0,0,0,0,0,5,0,0,0,0,1,0,0,0,0,0,0,0,0,0,0,0,0,0,0,0,0,0,0,0,0,0,0,0,0,0,0,0,0,0,0,0,0,0,0,0,0,0,0,0,0,0,0,0,0,0,0,0,0,0,0,0,0,0,0,0,0,0,0,1,0,0,0,0,0,0,0,0,0,0,0,0,0,0,0,0,0,0,0,0,0,0,0,0,0,0,0,0,0,0,0,0,0,0,0,0,0,0,0,0,0,0,0,0,0,0,0,0,0,0,0,0,0,0,0,0,0,0,0,0,0,0,0,0,1,0,6,0,0,0,5,0,0,0,0,0,0,0,0,0,0,0,0,0,0,0,0,0,0,0,0,0,0,0,0,0,0,0,0,0,0,0,0,0,0,0,0,0,0,1,0,0,0,0,0,0,0,0,0,0,0,0,0,0,0,0,0,0,0,0,0,0,0,0,0,5,0,0,0,0,0,0,0,0,0,0,0,0,0,0,0,0,0,0,0,2,0,0,0,0,0,0,0,0,0,0,0,0,0,0,0,0,0,0,0,0,0,0,0,0,0,0,0,0,0,0,0,0,0,0,0,0,0,0,0,0,0,0,0,0,0,0,0,0,0,0,0,0,0,0,0,0,0,0,0,0,0,0,0,0,0,0,0,0,0,0,0,0,0,0,0,0,0,0,0,0,0,0,0,0,0,0,0,0,844,0,0,0,0,0,0,0,2,0,0,0,0,0,0,0,0,0,0,0,0,0,0,0,0,0,0,0,0,0,0,0,0,0,1,0,0,0,0,0,0,0,1,0,0,0,0,0,0,0,0,0,0,0,0,0,0,0,0,0,0,0,0,0,0,0,0,0,0,0,0,0,0,0,0,0,0,0,0,0,0,0,0,0,0,0,0,0,0,0,0,0,0,0,0,0,0,0,0,0,0,0,0,0,0,0,0,0,0,0,0,0,0,0,0,0,0,0,0,0,0,0,0,0,0,0,0,0,0,0,0,0,0,0,0,0,0,0,0,0,0,0,0,0,0,0,0,0,0,0,1,0,0,0,0,1,0,0,0,0,0,0,0,0,0,0,0,0,0,0,1,0,0,0,0,0,0,0,0,0,0,0,0,0,0,0,0,0,0,0,0,0,0,0,0,0,0,0,0,0,0,0,0,0,0,0,0,0,0,0,0,0,0,0,0,0,0,0,0,0,0,0,0,0,0
san_Sinh,0,0,0,0,0,0,0,0,0,0,0,0,0,0,0,0,0,0,0,0,0,0,0,0,0,0,0,0,0,0,0,0,0,0,0,0,0,0,0,0,0,0,0,0,0,0,0,0,0,0,0,0,0,0,0,0,0,0,0,0,0,0,0,0,0,0,0,0,0,0,0,0,0,0,0,0,0,0,0,0,0,0,0,0,0,0,0,0,0,0,0,0,0,0,0,0,0,0,0,0,0,0,0,0,0,0,0,0,0,0,0,0,0,0,0,0,0,0,0,0,0,0,0,0,0,0,0,0,0,0,0,0,1,0,0,0,0,0,0,0,0,0,0,0,0,0,0,0,0,0,0,0,0,0,0,0,0,0,0,1,0,0,0,0,0,0,0,0,0,0,0,0,0,0,0,0,0,0,0,0,0,0,0,0,0,0,0,0,0,0,0,0,0,0,0,0,0,0,0,0,0,0,0,0,0,0,0,0,0,0,0,0,0,0,0,0,0,0,0,0,0,0,0,0,0,0,0,0,0,0,0,0,0,0,0,0,1,0,0,0,0,0,0,0,0,0,0,0,0,0,0,0,0,0,0,0,0,0,0,0,0,0,0,0,0,0,0,0,0,0,0,0,0,0,0,0,0,0,0,0,0,0,0,0,0,0,0,0,0,0,0,0,0,0,0,0,0,0,0,0,0,2,0,0,0,0,0,0,0,0,0,0,0,0,0,0,0,0,0,0,0,0,0,0,0,0,0,0,0,0,0,0,0,0,0,0,0,0,0,0,0,0,0,0,0,0,0,0,0,0,0,0,0,0,0,0,0,0,0,0,0,0,0,0,0,0,1,0,0,0,0,0,0,0,0,0,0,0,0,0,0,0,0,0,0,0,0,0,0,0,0,0,0,0,0,0,0,0,0,0,0,0,0,0,0,0,0,0,0,0,0,0,0,0,0,0,0,0,0,0,0,0,0,0,0,0,0,0,0,0,0,0,0,0,0,0,0,0,0,0,0,0,0,0,0,0,0,0,0,0,0,0,0,0,0,0,0,0,0,0,0,0,0,0,0,0,0,0,0,0,0,0,0,0,0,0,0,0,0,0,0,0,0,0,0,0,0,0,0,0,0,0,0,0,0,0,0,0,0,0,0,0,0,0,0,0,0,0,0,0,0,0,0,0,0,0,0,0,0,0,0,0,0,0,0,0,0,0,0,0,0,0,0,0,0,0,0,0,0,0,0,0,0,0,0,0,0,0,0,0,0,0,0,0,0,0,0,0,0,0,0,0,0,0,0,0,0,1323,0,0,0,0,0,0,0,0,0,0,0,0,0,0,0,0,0,0,0,0,0,0,0,0,0,0,0,0,0,0,0,0,0,0,0,0,0,0,0,0,0,0,0,0,0,0,0,0,0,0,0,0,0,0,0,0,0,0,0,0,0,0,0,0,0,0,0,0,0,0,0,0,0,0,0,0,0,0,0,0,0,0,0,0,0,0,0,0,0,0,0,0,0,0,0,0,0,0,0,0,0,0,0,0,0,0,0,0,0,0,0,0,0,0,0,0,0,0,0,0,0,0,0,0,0,0,0,0,0,0,0,0,0,0,0,0,0,0,0,0,0,0,0,0,0,4,0,0,0,0,0,0,0,0,0,0,0,0,0,0,0,0,0,0,0,0,0,0,0,0,0,0,0,0,0,0,0,0,0,0,0,0,0,0,0,0,0,0,0,0,0,0,0,0,0,0,0,0,0,0,0,0,0,0
sin_Sinh,0,0,0,0,0,0,0,0,0,0,0,0,0,0,0,0,0,0,0,0,0,0,0,0,0,0,0,0,0,0,0,0,0,0,2,0,0,0,0,0,0,0,0,0,0,0,0,0,0,0,0,0,1,0,0,0,0,0,0,0,0,0,0,0,0,0,0,0,0,0,0,0,0,0,0,0,0,0,0,0,0,0,0,0,0,0,0,0,0,0,0,0,0,1,0,0,0,0,0,0,0,0,0,0,0,0,0,0,0,0,0,0,1,0,1,0,0,0,0,0,0,0,1,0,0,0,0,0,0,1,0,0,1,0,0,0,0,0,0,0,0,0,0,0,0,0,0,0,0,0,0,0,0,0,0,0,0,0,0,0,0,0,0,0,0,0,1,0,2,0,0,0,0,0,0,0,0,0,0,0,0,0,0,0,0,0,0,0,0,1,0,0,0,0,0,0,1,2,0,0,0,0,0,0,0,0,0,0,0,0,0,0,1,0,0,0,0,0,0,0,0,0,0,0,0,0,0,0,0,0,0,0,0,0,0,0,0,0,0,0,0,0,0,0,0,0,0,0,0,0,0,0,0,0,1,0,0,0,0,0,0,0,0,0,0,0,0,0,0,0,0,0,0,0,0,0,0,0,0,0,0,0,0,0,0,1,0,0,0,0,0,0,0,0,0,0,0,0,0,0,0,1,0,0,0,0,0,0,0,0,0,0,0,2,0,0,0,0,0,0,0,0,0,0,0,0,0,0,0,0,0,0,0,0,0,0,0,0,1,0,0,0,0,0,0,0,1,1,0,0,0,0,0,0,0,1,0,0,0,0,0,0,0,1,4,0,0,0,0,0,0,0,0,0,0,0,0,0,0,0,0,0,0,0,0,0,0,0,0,0,0,0,0,0,0,0,0,0,2,0,0,0,0,0,0,0,0,0,0,0,0,0,0,0,0,0,0,0,0,0,1,0,0,0,0,0,0,0,0,0,0,0,0,0,0,0,0,0,0,0,0,0,0,0,0,0,0,0,0,0,0,0,0,0,0,1,0,1,0,0,0,0,0,0,0,0,0,0,0,0,0,0,0,0,1,0,0,0,0,0,1,0,0,0,0,0,0,0,0,0,0,0,0,0,0,0,0,0,0,0,0,1,0,0,1,0,1,0,0,0,0,0,0,0,0,0,0,1,0,0,0,0,0,0,0,0,0,0,0,0,0,0,0,0,0,0,0,0,0,0,0,0,2,0,0,3,0,0,0,0,0,0,0,0,0,0,0,0,0,0,1,0,0,0,0,0,0,2631,0,3,0,0,0,0,0,0,0,0,0,0,0,0,0,0,0,0,0,0,0,0,0,0,0,0,0,0,0,0,0,1,0,0,0,0,0,0,0,0,0,1,0,0,0,0,0,0,0,0,0,0,0,0,0,0,0,0,0,0,0,0,0,0,0,0,0,0,0,0,0,0,0,0,1,0,0,0,1,0,0,0,0,0,0,0,0,0,0,0,0,0,0,0,0,0,0,0,1,0,0,0,0,0,0,0,0,0,0,0,0,0,0,0,0,0,0,0,0,0,0,0,0,0,0,0,0,0,0,0,1,0,0,0,0,0,0,0,0,0,0,0,0,0,1,0,0,0,0,1,0,0,0,0,0,0,0,0,0,2,0,0,0,0,0,0,0,0,0,0,0,0,0,0,0,0,0,0,0,0,0,0,1,0,0,0,0,0,0,0,0,0,0,0,0,0,0,0,0,0,0,0,0,0
tam_Taml,0,0,0,0,0,0,0,0,0,0,0,0,0,0,0,0,0,0,0,0,0,0,0,0,0,0,0,0,0,0,0,0,0,0,0,0,0,0,0,0,0,0,0,0,0,0,0,0,0,0,0,0,0,0,0,0,0,0,0,0,0,0,0,0,0,0,0,0,0,0,0,0,0,0,0,0,0,0,0,0,0,0,0,0,0,0,0,0,0,0,0,0,0,0,0,0,0,0,0,0,0,0,0,0,0,0,0,0,0,0,0,0,0,0,0,0,0,0,0,0,0,0,0,0,0,0,0,0,0,0,0,0,0,0,0,0,0,0,0,0,0,0,0,0,0,0,0,0,0,0,0,0,0,0,0,0,0,0,0,0,0,0,0,0,0,0,0,0,0,0,0,0,0,0,0,0,0,0,0,0,0,0,0,0,0,0,0,0,0,0,0,0,0,0,0,0,0,0,0,0,0,0,0,0,0,0,0,0,0,0,0,0,0,0,0,0,0,0,0,0,0,0,0,0,0,0,0,0,0,0,0,0,0,0,0,0,0,0,0,0,0,0,0,0,0,0,0,0,0,0,0,0,0,0,0,0,0,0,0,0,0,0,0,0,0,0,0,0,0,0,0,0,0,0,0,0,0,0,0,0,0,0,0,0,0,0,0,0,0,0,0,0,0,0,0,0,0,0,0,0,0,0,0,0,0,0,0,0,0,0,0,0,0,0,0,0,0,0,0,0,0,0,0,0,0,0,0,0,0,0,0,0,0,0,0,0,0,0,0,0,0,0,0,0,0,0,0,0,0,0,0,0,0,0,0,0,0,0,0,0,0,0,0,0,0,0,0,0,0,0,0,0,0,0,0,0,0,0,0,0,0,0,0,0,0,0,0,0,0,0,0,0,0,0,0,0,0,0,0,0,0,0,0,0,0,0,0,0,0,0,0,0,0,0,0,0,0,0,0,0,0,0,0,0,0,0,0,0,0,0,0,0,0,0,0,0,0,0,0,0,0,0,0,0,0,0,0,0,0,0,0,0,0,0,0,0,0,0,0,0,0,0,0,0,0,0,0,0,0,0,0,0,0,0,0,0,0,0,0,0,0,0,0,0,0,0,0,0,0,0,0,0,0,0,0,0,0,0,0,0,0,0,0,0,0,0,0,0,0,0,0,0,0,0,0,0,0,0,0,0,0,0,0,0,0,0,0,0,0,0,0,0,0,0,0,0,0,0,0,0,0,0,0,0,0,0,0,0,0,0,0,0,0,0,0,0,0,0,0,0,0,0,0,0,0,0,0,0,0,0,0,0,0,0,0,0,0,0,0,0,0,0,0,0,0,0,0,0,0,0,0,0,0,0,0,0,0,0,0,0,0,0,0,0,0,0,0,0,0,81,0,0,0,0,0,0,0,0,0,0,0,0,0,0,0,0,0,0,0,0,0,0,0,0,0,0,0,0,0,0,0,0,0,0,0,0,0,0,0,0,0,0,0,0,0,0,0,0,0,0,0,0,0,0,0,0,0,0,0,0,0,0,0,0,0,0,0,0,0,0,0,0,0,0,0,0,0,0,0,0,0,0,0,0,0,0,0,0,0,0,0,0,0,0,0,0,0,0,0,0,0,0,0,0,0,0,0,0,0,0,0,0,0,0,0,0,0,0,0,0,0,0,0,0,0,0,0,0,0,0,0,0,0,0,0,0,0,0,0,0,0,0,0,0,0,0,0,0,0,0,0,0,0,0,0,0,0,0,0,0,0,0
